{
  "venues": [
      {
          "description": "Schon seit lÃÂ¤ngerem wollte Rummel sich sein kleines Paradies schaffen, hat tiefe stille Wasser betÃÂ¶rnt und stÃÂ¼rmischen Zeiten getrotzt und hat endlich geankert - in einer schÃÂ¶nen kleinen Bucht nicht weit von Euch! In diese Bucht lÃÂ¤d Rummel von Mai bis Mitte September zum Chillen und Grillen, zum Schunkeln, Munkeln und natÃÂ¼rlich Trunkeln. Und wenn Rummel mal so richtig gut drauf ist, dann wird auch mal ordentlich gerummelt! So oder so, zu Wasser wie zur Bucht, auch der Rummel ist nichts ohne seine Crew. Also Leichtmatrosen und MatrÃÂ¶sinnen - kommt rum und lasst es Euch gut gehn! Ahoi* Ach ja, geÃÂ¶ffnet ist nur an sonnigen und regenfreien Tagen :) ________________ Reservierungsanfragen sind nur per Mail mÃÂ¶glich bucht@rummels-welt.de (Reservierungsanfragen werden nur zwischen Di-Fr beantwortet) ",
          "name": "Rummels Bucht",
          "geometry": [
              6.379933,
              -75.58587729999999
          ]
      },
      {
          "description": "Das SEZ bietet ein groÃÂes Sport-, Freizeit- und Erholungsangebot. Ab sofort kÃÂ¶nnt ihr das SEZ fÃÂ¼r Events unter: sez@glut.berlin anmieten. Kommt vorbei und genieÃÂt den industriellen Charm einer in Vergessenheit geglaubten Location. ",
          "name": "SEZ Berlin",
          "geometry": [
            6.33478,
            -75.32637682
          ]
      },
      {
          "description": "Das Huxleys seit fast einem Jahrhundert ein Name in Berlin. VarietÃÂ©bÃÂ¼hne, Sportpalast, Rollschuhbahn und Ausflugsziel am Rande des Volksparks Hasenheide. Das HUXLEYS hat eine lange Geschichte, und die ist verbunden mit Entertainment, VergnÃÂ¼gen und Livemusik.",
          "name": "Huxley's Neue Welt",
          "geometry": [
             6.23656728,
            -75.2348239
          ]
      },
      {
          "description": "Wir sind ein Veranstaltungsort. Eine Plattform. Wir sind ein Kollektiv. Basisdemokratisch und solidarisch. Wir sind das Mensch Meier. Und ihr seid es auch, wenn ihr da seid. Wir wollen einen Raum erschaffen, in dem wir unsere Beziehungen selbstbestimmt formen. Das ist im Kapitalismus, im Patriarchat, leider kein erreichbares Ziel. Aber wir haben einfach schon mal angefangen, uns dieses Ziel als Weg formuliert. FÃÂ¼r unsere Zukunft. In einem Raum fÃÂ¼r Inspiration, Intervention und Bewegung. KulturKunstPartyPolitik. Mit den Mitteln der Kritik und den Waffen der Kunst unordentlich Theater machen. Mensch Meier ",
          "name": "Mensch Meier",
          "geometry": [
            6.2363434,
            -75.2345454
          ]
      },
      {
          "description": "The club is located in a former underground gay cruising toilet under the Yorckstrasse in Kreuzberg.",
          "name": "Zur Klappe",
          "geometry": [
            6.23827,
            -75.234346
          ]
      },
      {
          "description": "Formerly Shift Bar in the Kraftwerk complex which also houses Tresor.",
          "name": "OHM",
          "geometry": [
            6.2323423,
            -75.2345304
          ]
      },
      {
          "description": "Club for electronic Music directly in the heart of Berlin! Between Hakescher Markt and 1 min. away from S Alexanderplatz. Stylish Crowd and many of Berlins most known artists.",
          "name": "M-BIA",
          "geometry": [
            6.236237239,
            -75.2344234
          ]
      },
      {
          "description": "Booze, Karaoke and Rock'n'Roll! Sparkles, disco lights, 14 private karaoke cabins and a big stage waiting for your performance! We have 10 cabins for walk-ins (for up to 10 guests) and 4 larger cabins for larger groups, which can be reserved in advance (for up to 18 guests). Mondays - MultiSEXual BOXhopping! Queer + Friends. Mix + Mingle! Box Sharing + Caring! 3,- Entry. Sing in the karaoke boxes all night long! Big stage opens at 22h. Tuesdays - The House of PresentsÃ¢ÂÂ Drag Show Doors at 9, pre-show at 10, main show at 11 Wednesdays - BOX HAPPY HOUR All cabins half-priced from 7pm - midnight Thursdays - Mixed Bag! Special Events, DJs, Live Musik, Queer Events, and more! Fridays / Saturday / Sunday: SING ON STAGE!",
          "name": "Monster Ronson's Ichiban Karaoke",
          "geometry": [
            6.2323823,
            -75.939238
          ]
      },
      {
          "description": "ÃÂgyptisches & Arabisches Restaurant ÃÂ· Smoker's Lounge ÃÂ· Club ÃÂ· CafÃÂ© ÃÂ· Cocktail Bar ÃÂ· Der feine Orient in Berlin",
          "name": "Marooush Restaurant - Lounge - Bar - Club",
          "geometry": [
              52.500938,
              13.321438
          ]
      },
      {
          "description": "Kater Blau gives you everything you need for a party: House, Techno, Konfetti. Chill next to the Spree. All this on the ex wood markt area.",
          "name": "Kater Blau",
          "geometry": [
            6.2334940,
            -75.38239
          ]
      }
  ]
}